,Mascot Score,PD Score,Charge State,M/Z,Peptide,PTM Confidence Mascot,PTM Confidence PD,Position in Protein,Start Stop,Mascot Group Conf
1229,98.0,98.0,2,776.8,ALsEGEEITAAPER,100.0,[100.0],[135],"(133, 147)","[100.0, 100.0, 99.99]"
2634,69.0,,3,1171.2,LTDISICQEMPSLEVItLSVNSISTLEPVSR,31.9,,[45],"(29, 60)",[31.9]
1275,66.0,66.0,2,792.4,LDNQAVtEEELSR,100.0,[100.0],[126],"(120, 133)",[100.0]
1685,62.0,,2,960.4,VLWLAENPCcGTSPHR,60.71,,[99],"(90, 106)",[60.71]
2138,56.0,56.0,3,791.7,ALsEGEEITAAPEREGTGHGGPK,100.0,[100.0],[135],"(133, 156)",[100.0]
1747,55.0,55.0,3,659.6,VLWLAENPCCGtSPHR,57.03,[93.99],[101],"(90, 106)",[57.03]
269,42.0,42.0,2,489.7,ASELHsVR,99.87,[100.0],[18],"(13, 21)",[99.87]
1368,42.0,42.0,3,548.6,NRIPsLAELFYLK,99.98,[100.0],[75],"(71, 84)",[99.98]
2548,36.0,,4,760.1,LDNQAVtEEELSRALSEGEEITAAPER,41.37,,[126],"(120, 147)",[41.37]
2139,35.0,35.0,3,791.7,ALSEGEEITAAPEREGtGHGGPK,97.64,[100.0],[149],"(133, 156)",[97.64]
268,22.0,22.0,2,489.7,AsELHSVR,95.02,[99.99],[14],"(13, 21)",[95.02]
